{
  "Workflows": [
    {
      "Path": null,
      "SortBy": 0,
      "VariablesSectionElementsOrder": [],
      "ArgumentsSectionElementsOrder": null,
      "ConstantsSectionElementsOrder": [],
      "AddedNamespaces": null
    },
    {
      "Path": "Main.xaml",
      "SortBy": 0,
      "VariablesSectionElementsOrder": [
        "ExtractDataTable&Sequence_13",
        "ExtractDataTable&Sequence_7",
        "episodesWatchedCount&Sequence_1",
        "releaseDataTable&Sequence_1",
        "searchResultsTable&Sequence_1",
        "animeTitle&Sequence_1",
        "browserInstance&Sequence_1"
      ],
      "ArgumentsSectionElementsOrder": [],
      "ConstantsSectionElementsOrder": [],
      "AddedNamespaces": null
    },
    {
      "Path": "mail.xaml",
      "SortBy": 0,
      "VariablesSectionElementsOrder": [],
      "ArgumentsSectionElementsOrder": [],
      "ConstantsSectionElementsOrder": [],
      "AddedNamespaces": null
    },
    {
      "Path": "Sequence.xaml",
      "SortBy": 0,
      "VariablesSectionElementsOrder": [
        "epno&Sequence_34",
        "releaseDataTable&Sequence_24",
        "ExtractDataTable&Sequence_43",
        "animeTitlesTable&Sequence_39",
        "ExtractDataTable&Sequence_38",
        "animeTitle&Sequence_24",
        "animeNamesTable&Sequence_24",
        "scrapedDatatable&Sequence_24",
        "excelFilePath&Sequence_24",
        "browserInstance&Sequence_24",
        "browserInstance&Sequence_25"
      ],
      "ArgumentsSectionElementsOrder": [],
      "ConstantsSectionElementsOrder": [],
      "AddedNamespaces": null
    },
    {
      "Path": "sample.xaml",
      "SortBy": 0,
      "VariablesSectionElementsOrder": [
        "ExtractDataTable&Sequence_2",
        "releaseDataTable&Sequence_3"
      ],
      "ArgumentsSectionElementsOrder": [],
      "ConstantsSectionElementsOrder": [],
      "AddedNamespaces": null
    }
  ]
}