{"OpenedDocuments":"[{\"DocumentPath\":\"Sequence.xaml\",\"FactoryId\":\"{ACB8E7BA-F093-44C1-9B50-33ECA51AAE16}\"}]","ProjectBreakpoints":"{\"CodeBreakpoints\":{},\"Value\":{\"Main.xaml\":[{\"ConditionalExpression\":null,\"ActionExpression\":null,\"ExpectedHitCounter\":null,\"ShouldContinueAfterAction\":false,\"IsTransient\":false,\"BreakpointType\":1,\"LocationIdentifier\":\"Main Sequence\",\"IsEnabled\":false,\"Id\":\"3bbe735f-4ee5-4f7a-8a2a-4b548619a46f\",\"ActivityIdRef\":\"Sequence_1\",\"ActivityId\":\"1.1\",\"ActivityName\":\"Main Sequence\"},{\"ConditionalExpression\":null,\"ActionExpression\":null,\"ExpectedHitCounter\":null,\"ShouldContinueAfterAction\":false,\"IsTransient\":false,\"BreakpointType\":1,\"LocationIdentifier\":\"Send Hotkey 'INPUT'\",\"IsEnabled\":true,\"Id\":\"4edeaea1-f988-4d98-a924-8f026e5b3aeb\",\"ActivityIdRef\":\"SendHotkey_2\",\"ActivityId\":\"1.184\",\"ActivityName\":\"Send Hotkey 'INPUT'\"},{\"ConditionalExpression\":null,\"ActionExpression\":null,\"ExpectedHitCounter\":null,\"ShouldContinueAfterAction\":false,\"IsTransient\":false,\"BreakpointType\":1,\"LocationIdentifier\":\"Input Dialog\",\"IsEnabled\":true,\"Id\":\"f7f165e3-7b22-48af-a7fb-2447199bab42\",\"ActivityIdRef\":\"InputDialog_1\",\"ActivityId\":\"1.214\",\"ActivityName\":\"Input Dialog\"},{\"ConditionalExpression\":null,\"ActionExpression\":null,\"ExpectedHitCounter\":null,\"ShouldContinueAfterAction\":false,\"IsTransient\":false,\"BreakpointType\":1,\"LocationIdentifier\":\"Send SMTP Mail Message\",\"IsEnabled\":true,\"Id\":\"642e1e19-5139-4065-90e8-2fc1c2fabdd9\",\"ActivityIdRef\":\"SendMail_1\",\"ActivityId\":\"1.69\",\"ActivityName\":\"Send SMTP Mail Message\"}],\"Sequence.xaml\":[{\"ConditionalExpression\":null,\"ActionExpression\":null,\"ExpectedHitCounter\":null,\"ShouldContinueAfterAction\":false,\"IsTransient\":false,\"BreakpointType\":1,\"LocationIdentifier\":\"For Each Row in Data Table\",\"IsEnabled\":true,\"Id\":\"4284386a-b97a-456a-bd8a-39c304639674\",\"ActivityIdRef\":\"ForEachRow_15\",\"ActivityId\":\"1.40\",\"ActivityName\":\"For Each Row in Data Table\"},{\"ConditionalExpression\":null,\"ActionExpression\":null,\"ExpectedHitCounter\":null,\"ShouldContinueAfterAction\":false,\"IsTransient\":false,\"BreakpointType\":1,\"LocationIdentifier\":\"Do\",\"IsEnabled\":false,\"Id\":\"01b4484e-120f-4f7a-a1d9-55e4a42f2400\",\"ActivityIdRef\":\"Sequence_44\",\"ActivityId\":\"1.39\",\"ActivityName\":\"Do\"},{\"ConditionalExpression\":null,\"ActionExpression\":null,\"ExpectedHitCounter\":null,\"ShouldContinueAfterAction\":false,\"IsTransient\":false,\"BreakpointType\":1,\"LocationIdentifier\":\"Close Tab\",\"IsEnabled\":false,\"Id\":\"2d6d86ae-5ec4-4e31-afc7-ec48e209f8bf\",\"ActivityIdRef\":\"CloseTab_3\",\"ActivityId\":\"1.124\",\"ActivityName\":\"Close Tab\"},{\"ConditionalExpression\":null,\"ActionExpression\":null,\"ExpectedHitCounter\":null,\"ShouldContinueAfterAction\":false,\"IsTransient\":false,\"BreakpointType\":1,\"LocationIdentifier\":\"Send SMTP Mail Message\",\"IsEnabled\":false,\"Id\":\"21b71eff-29b5-43c2-993b-6b50ca5845e1\",\"ActivityIdRef\":\"SendMail_4\",\"ActivityId\":\"1.81\",\"ActivityName\":\"Send SMTP Mail Message\"},{\"ConditionalExpression\":null,\"ActionExpression\":null,\"ExpectedHitCounter\":null,\"ShouldContinueAfterAction\":false,\"IsTransient\":false,\"BreakpointType\":1,\"LocationIdentifier\":\"Sequence\",\"IsEnabled\":true,\"Id\":\"0f0bd29e-4da1-4632-9db6-2e5f0ae373fe\",\"ActivityIdRef\":\"Sequence_46\",\"ActivityId\":\"1.61\",\"ActivityName\":\"Sequence\"},{\"ConditionalExpression\":null,\"ActionExpression\":null,\"ExpectedHitCounter\":null,\"ShouldContinueAfterAction\":false,\"IsTransient\":false,\"BreakpointType\":1,\"LocationIdentifier\":\"If\",\"IsEnabled\":false,\"Id\":\"4c3aef92-0130-47de-aca8-abb1db99949a\",\"ActivityIdRef\":\"If_9\",\"ActivityId\":\"1.42\",\"ActivityName\":\"If\"},{\"ConditionalExpression\":null,\"ActionExpression\":null,\"ExpectedHitCounter\":null,\"ShouldContinueAfterAction\":false,\"IsTransient\":false,\"BreakpointType\":1,\"LocationIdentifier\":\"Body\",\"IsEnabled\":true,\"Id\":\"2396d93f-1b2f-41a4-96ec-bf33f4945bf3\",\"ActivityIdRef\":\"Sequence_45\",\"ActivityId\":\"1.41\",\"ActivityName\":\"Body\"}],\"sample.xaml\":[{\"ConditionalExpression\":null,\"ActionExpression\":null,\"ExpectedHitCounter\":null,\"ShouldContinueAfterAction\":false,\"IsTransient\":false,\"BreakpointType\":1,\"LocationIdentifier\":\"If\",\"IsEnabled\":true,\"Id\":\"bb048e88-62e6-4bc2-8e39-39ebcba9f78f\",\"ActivityIdRef\":\"If_2\",\"ActivityId\":\"1.10\",\"ActivityName\":\"If\"},{\"ConditionalExpression\":null,\"ActionExpression\":null,\"ExpectedHitCounter\":null,\"ShouldContinueAfterAction\":false,\"IsTransient\":false,\"BreakpointType\":1,\"LocationIdentifier\":\"Comment\",\"IsEnabled\":false,\"Id\":\"dbc9dc83-8070-4489-a4b4-60381e6dfc47\",\"ActivityIdRef\":\"Comment_1\",\"ActivityId\":\"1.39\",\"ActivityName\":\"Comment\"}]}}","ProjectActivitiesViewState":"{\"Main.xaml\":[{\"ActivityIdRef\":\"ForEachRow_2\",\"IsAdvancedOptionsExpanded\":false,\"Categories\":{\"\":true},\"Widgets\":{\"Body\":{\"ShowExpanded\":true}}},{\"ActivityIdRef\":\"If_1\",\"IsAdvancedOptionsExpanded\":false,\"Widgets\":{\"Then\":{\"ShowExpanded\":true},\"Else\":{\"ShowExpanded\":false}}},{\"ActivityIdRef\":\"ForEachRow_3\",\"IsAdvancedOptionsExpanded\":false,\"Categories\":{\"\":true},\"Widgets\":{\"Body\":{\"ShowExpanded\":true}}},{\"ActivityIdRef\":\"If_2\",\"IsAdvancedOptionsExpanded\":false,\"Widgets\":{\"Then\":{\"ShowExpanded\":true},\"Else\":{\"ShowExpanded\":false}}},{\"ActivityIdRef\":\"Delay_1\",\"IsAdvancedOptionsExpanded\":false,\"Widgets\":{}},{\"ActivityIdRef\":\"WriteLine_4\",\"IsAdvancedOptionsExpanded\":false,\"Widgets\":{}},{\"ActivityIdRef\":\"Break_2\",\"IsAdvancedOptionsExpanded\":false,\"Widgets\":{}}],\"mail.xaml\":[],\"Sequence.xaml\":[{\"ActivityIdRef\":\"ForEachRow_2\",\"IsAdvancedOptionsExpanded\":false,\"Categories\":{\"\":true},\"Widgets\":{\"Body\":{\"ShowExpanded\":true}}},{\"ActivityIdRef\":\"If_1\",\"IsAdvancedOptionsExpanded\":false,\"Widgets\":{\"Then\":{\"ShowExpanded\":true},\"Else\":{\"ShowExpanded\":false}}},{\"ActivityIdRef\":\"Delay_1\",\"IsAdvancedOptionsExpanded\":false,\"Widgets\":{}},{\"ActivityIdRef\":\"ForEachRow_1\",\"IsAdvancedOptionsExpanded\":false,\"Categories\":{\"\":true},\"Widgets\":{\"Body\":{\"ShowExpanded\":true}}},{\"ActivityIdRef\":\"If_2\",\"IsAdvancedOptionsExpanded\":false,\"Widgets\":{\"Then\":{\"ShowExpanded\":true},\"Else\":{\"ShowExpanded\":false}}},{\"ActivityIdRef\":\"ForEachRow_4\",\"IsAdvancedOptionsExpanded\":false,\"Categories\":{\"\":true},\"Widgets\":{\"Body\":{\"ShowExpanded\":true}}},{\"ActivityIdRef\":\"ForEachRow_8\",\"IsAdvancedOptionsExpanded\":false,\"Categories\":{\"\":true},\"Widgets\":{\"Body\":{\"ShowExpanded\":true}}},{\"ActivityIdRef\":\"Delay_2\",\"IsAdvancedOptionsExpanded\":false,\"Widgets\":{}},{\"ActivityIdRef\":\"ForEachRow_9\",\"IsAdvancedOptionsExpanded\":false,\"Categories\":{\"\":true},\"Widgets\":{\"Body\":{\"ShowExpanded\":true}}},{\"ActivityIdRef\":\"If_3\",\"IsAdvancedOptionsExpanded\":false,\"Widgets\":{\"Then\":{\"ShowExpanded\":true},\"Else\":{\"ShowExpanded\":false}}},{\"ActivityIdRef\":\"ForEachRow_10\",\"IsAdvancedOptionsExpanded\":false,\"Categories\":{\"\":true},\"Widgets\":{\"Body\":{\"ShowExpanded\":true}}},{\"ActivityIdRef\":\"ForEachRow_11\",\"IsAdvancedOptionsExpanded\":false,\"Categories\":{\"\":true},\"Widgets\":{\"Body\":{\"ShowExpanded\":true}}},{\"ActivityIdRef\":\"Delay_4\",\"IsAdvancedOptionsExpanded\":false,\"Widgets\":{}},{\"ActivityIdRef\":\"ForEachRow_12\",\"IsAdvancedOptionsExpanded\":false,\"Categories\":{\"\":true},\"Widgets\":{\"Body\":{\"ShowExpanded\":true}}},{\"ActivityIdRef\":\"If_4\",\"IsAdvancedOptionsExpanded\":false,\"Widgets\":{\"Then\":{\"ShowExpanded\":true},\"Else\":{\"ShowExpanded\":false}}},{\"ActivityIdRef\":\"If_7\",\"IsAdvancedOptionsExpanded\":false,\"Widgets\":{\"Then\":{\"ShowExpanded\":true},\"Else\":{\"ShowExpanded\":true}}},{\"ActivityIdRef\":\"ForEachRow_14\",\"IsAdvancedOptionsExpanded\":false,\"Categories\":{\"\":true},\"Widgets\":{\"Body\":{\"ShowExpanded\":true}}},{\"ActivityIdRef\":\"If_8\",\"IsAdvancedOptionsExpanded\":false,\"Widgets\":{\"Then\":{\"ShowExpanded\":true},\"Else\":{\"ShowExpanded\":false}}},{\"ActivityIdRef\":\"Delay_5\",\"IsAdvancedOptionsExpanded\":false,\"Widgets\":{}},{\"ActivityIdRef\":\"ForEachRow_15\",\"IsAdvancedOptionsExpanded\":false,\"Categories\":{\"\":true},\"Widgets\":{\"Body\":{\"ShowExpanded\":true}}},{\"ActivityIdRef\":\"If_9\",\"IsAdvancedOptionsExpanded\":false,\"Widgets\":{\"Then\":{\"ShowExpanded\":true},\"Else\":{\"ShowExpanded\":false}}}],\"sample.xaml\":[{\"ActivityIdRef\":\"If_1\",\"IsAdvancedOptionsExpanded\":false,\"Widgets\":{\"Then\":{\"ShowExpanded\":true},\"Else\":{\"ShowExpanded\":false}}},{\"ActivityIdRef\":\"Delay_1\",\"IsAdvancedOptionsExpanded\":false,\"Widgets\":{}},{\"ActivityIdRef\":\"ForEachRow_1\",\"IsAdvancedOptionsExpanded\":false,\"Categories\":{\"\":true},\"Widgets\":{\"Body\":{\"ShowExpanded\":true}}},{\"ActivityIdRef\":\"If_2\",\"IsAdvancedOptionsExpanded\":false,\"Widgets\":{\"Then\":{\"ShowExpanded\":true},\"Else\":{\"ShowExpanded\":false}}}]}","Compiler":"2","ProjectWatches":"{\"Value\":[]}"}